route_name,longName,agencyName,transitType,firstStop,lastStop,totalStops,totalDurationMinutes,operatingDays
1E,,AMTS BRTS 1E Bus,,Ghuma Gam BRTS,Jaimangal BRTS,28,32,everyday
1D,,AMTS BRTS 1D Bus,,Maninagar BRTS,Ghuma Gam BRTS,33,49,everyday
1E,,AMTS BRTS 1E Bus,,Maninagar BRTS,Kashiram Textiles BRTS,11,14,everyday
1S,,AMTS BRTS 1S Bus,,Jaimangal BRTS,Ghuma Gam BRTS,25,37,everyday
2D,,AMTS BRTS 2D Bus,,S.P.Ring Road Approach BRTS,Bhadaj Circle,38,60,everyday
2E,,AMTS BRTS 2E Bus,,Bhadaj Circle,Jaimangal BRTS,11,17,everyday
1S,,AMTS BRTS 1S Bus,,Chhipa Society BRTS,Maninagar BRTS,9,13,everyday
1S,,AMTS BRTS 1S Bus,,Chhipa Society BRTS,Ghuma Gam BRTS,29,46,everyday
2S,,AMTS BRTS 2S Bus,,Jaimangal BRTS,Bhadaj Circle,10,17,everyday
3D,,AMTS BRTS 3D Bus,,Maninagar BRTS,Chandkheda Gam BRTS,39,65,everyday
2U,,AMTS BRTS 2U Bus,,,,,,
3S,,AMTS BRTS 3S Bus,,Chhipa Society BRTS,Maninagar BRTS,9,12,everyday
3U,,AMTS BRTS 3U Bus,,Chandkheda Gam BRTS,Maninagar BRTS,38,64,everyday
3E,,AMTS BRTS 3E Bus,,Maninagar BRTS,Kashiram Textiles BRTS,12,14,everyday
1U,,AMTS BRTS 1U Bus,,Ghuma Gam BRTS,Maninagar BRTS,33,49,everyday
4E,,AMTS BRTS 4E Bus,,Amba Township,Sarthi Bungalows BRTS,7,12,everyday
4D,,AMTS BRTS 4D Bus,,LD Engg. College BRTS,DCIS Circle (Zundal Circle) BRTS,32,49,everyday
4E,,AMTS BRTS 4E Bus,,DCIS Circle (Zundal Circle) BRTS,Shastrinagar BRTS,18,26,everyday
4S,,AMTS BRTS 4S Bus,,Jaimangal BRTS,LD Engg,14,20,everyday
4D,,AMTS BRTS 4D Bus,,LD Engg. College BRTS,Amba Township,37,61,everyday
3U,,AMTS BRTS 3U Bus,,RTO Circle,Maninagar BRTS,28,46,everyday
4E,,AMTS BRTS 4E Bus,,LD Engg. College BRTS,Jaimangal BRTS,14,17,everyday
4S,,AMTS BRTS 4S Bus,,Sarthi Bungalows BRTS,Amba Township,7,14,everyday
3D,,AMTS BRTS 3D Bus,,Maninagar BRTS,RTO Circle,29,49,everyday
4S,,AMTS BRTS 4S Bus,,Pragatinagar BRTS,DCIS Circle (Zundal Circle) BRTS,17,31,everyday
4U,,AMTS BRTS 4U Bus,,DCIS Circle (Zundal Circle) BRTS,LD Engg,32,50,everyday
4U,,AMTS BRTS 4U Bus,,Amba Township,LD Engg,37,61,everyday
5E,,AMTS BRTS 5E Bus,,Vasna Terminus,Kashiram Textiles BRTS,10,12,everyday
5S,,AMTS BRTS 5S Bus,,Chhipa Society BRTS,Vasna Terminus,7,10,everyday
6E,,AMTS BRTS 6E Bus,,Naroda S.T.Workshop BRTS,Odhav Talav BRTS,16,19,everyday
6E,,AMTS BRTS 6E Bus,,Naroda S.T.Workshop BRTS,Geeta Gauri Cinema BRTS,11,13,everyday
6D,,AMTS BRTS 6D Bus,,Naroda S.T.Workshop BRTS,Narol BRTS,22,35,everyday
6E,,AMTS BRTS 6E Bus,,Narol BRTS,Rameshwar Park BRTS,12,17,everyday
6E,,AMTS BRTS 6E Bus,,Narol BRTS,Odhav Talav BRTS,20,25,everyday
6S,,AMTS BRTS 6S Bus,,,,,,
6S,,AMTS BRTS 6S Bus,,,,,,
6S,,AMTS BRTS 6S Bus,,Odhav Talav BRTS,Narol BRTS,20,25,everyday
5U,,AMTS BRTS 5U Bus,,Vasna Terminus,Hanspura Ring Road,39,66,everyday
6S,,AMTS BRTS 6S Bus,,Rameshwar Park BRTS,Narol BRTS,11,17,everyday
6U,,AMTS BRTS 6U Bus,,,,,,
5D,,AMTS BRTS 5D Bus,,Hanspura Ring Road,Vasna Terminus,38,65,everyday
7D,,AMTS BRTS 7D Bus,,Narol BRTS,DCIS Circle (Zundal Circle) BRTS,38,57,everyday
7E,,AMTS BRTS 7E Bus,,Narol BRTS,Odhav Talav BRTS,20,24,everyday
7E,,AMTS BRTS 7E Bus,,Narol BRTS,Rameshwar Park BRTS,12,17,everyday
8D,,AMTS BRTS 8D Bus,,Naroda Terminus,Iskcon Cross Road BRTS,35,52,everyday
7S,,AMTS BRTS 7S Bus,,Odhav Talav BRTS,Narol BRTS,20,32,everyday
7U,,AMTS BRTS 7U Bus,,DCIS Circle (Zundal Circle) BRTS,Narol BRTS,41,62,everyday
8E,,AMTS BRTS 8E Bus,,Naroda Terminus,Geeta Gauri Cinema BRTS,13,19,everyday
7S,,AMTS BRTS 7S Bus,,Rameshwar Park BRTS,Narol BRTS,11,17,everyday
8U,,AMTS BRTS 8U Bus,,Iskcon Cross Road BRTS,Naroda Terminus,35,52,everyday
8S,,AMTS BRTS 8S Bus,,Geeta Gauri Cinema BRTS,Naroda Terminus,13,21,everyday
8S,,AMTS BRTS 8S Bus,,Chhipa Society BRTS,Iskcon Cross Road BRTS,16,22,everyday
8S,,AMTS BRTS 8S Bus,,Odhav Talav BRTS,Naroda Terminus,18,27,everyday
9D,,AMTS BRTS 9D Bus,,Maninagar BRTS,Vasantnagar Township,40,60,everyday
8E,,AMTS BRTS 8E Bus,,Naroda Terminus,Odhav Talav BRTS,18,22,everyday
9E,,AMTS BRTS 9E Bus,,Vasantnagar Township,Jaimangal BRTS,11,17,everyday
9E,,AMTS BRTS 9E Bus,,Maninagar BRTS,Kashiram Textiles BRTS,12,15,everyday
9S,,AMTS BRTS 9S Bus,,Chhipa Society BRTS,Maninagar BRTS,9,13,everyday
11D,,AMTS BRTS 11D Bus,,S.P.Ring Road Approach BRTS,LD Engg,25,36,everyday
9U,,AMTS BRTS 9U Bus,,Vasantnagar Township,Maninagar BRTS,39,61,everyday
11E,,AMTS BRTS 11E Bus,,LD Engg. College BRTS,Kashiram Textiles BRTS,18,23,everyday
9S,,AMTS BRTS 9S Bus,,Jaimangal BRTS,Vasantnagar Township,11,19,everyday
12U,,AMTS BRTS 12U Bus,,Chandkheda Gam BRTS,CTM Cross Road BRTS,44,73,everyday
11U,,AMTS BRTS 11U Bus,,,,,,
11S,,AMTS BRTS 11S Bus,,Chhipa Society BRTS,LD Engg,15,18,everyday
12D,,AMTS BRTS 12D Bus,,Rameshwar Park BRTS,RTO Circle,39,68,everyday
12D,,AMTS BRTS 12D Bus,,CTM Cross Road BRTS,RTO Circle,34,57,everyday
12D,,AMTS BRTS 12D Bus,,CTM Cross Road BRTS,Chandkheda Gam BRTS,44,64,everyday
12U,,AMTS BRTS 12U Bus,,RTO Circle,Rameshwar Park BRTS,40,59,everyday
14U,,AMTS BRTS 14U Bus,,Sanand Circle,Naroda Terminus,32,53,everyday
14S,,AMTS BRTS 14S Bus,,Geeta Gauri Cinema BRTS,Naroda Terminus,13,20,everyday
14E,,AMTS BRTS 14E Bus,,Naroda Terminus,Geeta Gauri Cinema BRTS,13,18,everyday
12U,,AMTS BRTS 12U Bus,,RTO Circle,CTM Cross Road BRTS,35,59,everyday
14D,,AMTS BRTS 14D Bus,,Naroda Terminus,Sanand Circle,34,56,everyday
15D,,AMTS BRTS 15D Bus,,Iskcon Cross Road BRTS,Ahmedabad Domestic Airport,19,32,everyday
15D,,AMTS BRTS 15D Bus,,Iskcon Cross Road BRTS,RTO Circle,18,28,everyday
15E,,AMTS BRTS 15E Bus,,RTO Circle,Shastrinagar BRTS,6,8,everyday
15E,,AMTS BRTS 15E Bus,,Iskcon Cross Road BRTS,Jaimangal BRTS,12,17,everyday
15S,,AMTS BRTS 15S Bus,,Pragatinagar BRTS,RTO Circle,5,7,everyday
15S,,AMTS BRTS 15S Bus,,Jaimangal BRTS,Iskcon Cross Road BRTS,12,18,everyday
15U,,AMTS BRTS 15U Bus,,Ahmedabad Domestic Airport,Iskcon Cross Road BRTS,21,43,everyday
16D,,AMTS BRTS 16D Bus,,Nehrunagar BRTS,Sanand Circle,12,20,everyday
15U,,AMTS BRTS 15U Bus,,RTO Circle,Iskcon Cross Road BRTS,18,28,everyday
16E,,AMTS BRTS 16E Bus,,Nehrunagar BRTS,Jaimangal BRTS,10,14,everyday
16E,,AMTS BRTS 16E Bus,,Sanand Circle,Jaimangal BRTS,15,21,everyday
16S,,AMTS BRTS 16S Bus,,Jaimangal BRTS,Nehrunagar BRTS,10,16,everyday
16U,,AMTS BRTS 16U Bus,,Sanand Circle,Nehrunagar BRTS,12,20,everyday
16S,,AMTS BRTS 16S Bus,,Jaimangal BRTS,Sanand Circle,16,31,everyday
17D,,AMTS BRTS 17D Bus,,Nehrunagar BRTS,South Bopal,18,25,everyday
17U,,AMTS BRTS 17U Bus,,South Bopal,Nehrunagar BRTS,18,24,everyday
17S,,AMTS BRTS 17S Bus,,Jaimangal BRTS,Nehrunagar BRTS,10,15,everyday
17S,,AMTS BRTS 17S Bus,,Jaimangal BRTS,South Bopal,22,36,everyday
17E,,AMTS BRTS 17E Bus,,Nehrunagar BRTS,Jaimangal BRTS,10,13,everyday
18E,,AMTS BRTS 18E Bus,,Maninagar BRTS,Jaimangal BRTS,23,35,everyday
18E,,AMTS BRTS 18E Bus,,Ahmedabad Domestic Airport,Shastrinagar BRTS,10,15,everyday
18S,,AMTS BRTS 18S Bus,,Jaimangal BRTS,Maninagar BRTS,23,41,everyday
18D,,AMTS BRTS 18D Bus,,Maninagar BRTS,Ahmedabad Domestic Airport,16,26,everyday
18S,,AMTS BRTS 18S Bus,,Pragatinagar BRTS,Ahmedabad Domestic Airport,9,16,everyday
101,R.T.O.Circle To R.T.O.Circle (Circular),AMTS BRTS 101 Bus,bus,RTO Circle,RTO Circle,44,69,everyday
18U,,AMTS BRTS 18U Bus,,Ahmedabad Domestic Airport,Maninagar BRTS,17,26,everyday
13/1,,AMTS 13/1 Bus,,Vadaj,Isanpur,50,38,everyday
1,"Sarangpur To Sarangpur Via Tilakbaug, Sardar Baug, Kalupur",AMTS 1 Bus,bus,Sarangpur Terminus,Sarangpur Terminus,34,26,everyday
13/1,,AMTS 13/1 Bus,,Ranip Gam,Isanpur,67,50,everyday
3,Bhadrakali Mandir To Bhadrakali Mandir (Circular),AMTS 3 Bus,bus,Bhadrakali Mandir,Bhadrakali Mandir,22,15,everyday
13/1,,AMTS 13/1 Bus,,Vadaj,Ranip Gam,18,13,everyday
201,R.T.O.Circle To R.T.O.Circle (Anti-Circular),AMTS BRTS 201 Bus,bus,RTO Circle,RTO Circle,42,67,everyday
13/1-SH,,AMTS 13/1-SH Bus,,Nigam Society,Lal Darwaja,41,33,everyday
14,,AMTS 14 Bus,,Lal Darwaja,Devdi Gam,43,50,everyday
14-SH,,AMTS 14-SH Bus,,Mahalaxmi Talav (Vatva),Lal Darwaja,32,35,everyday
14,,AMTS 14 Bus,,,,,,
14,,AMTS 14 Bus,,Vatva Gam,Lal Darwaja,31,28,everyday
14/1,,AMTS 14/1 Bus,,Vatva Railway Station,Lal Darwaja,45,43,everyday
15/1,,AMTS 15/1 Bus,,Vinobabhavenagar,Maninagar,32,29,everyday
15/3,,AMTS 15/3 Bus,,Nenpur Chokdi,Maninagar Terminal,48,64,everyday
16,,AMTS 16 Bus,,Vatva Railway Crossing,Someshwar Mahadev,99,91,everyday
17,,AMTS 17 Bus,,Meghaninagar,Mahalaxmi Talav (Vatva),67,58,everyday
17,,AMTS 17 Bus,,Sarangpur Terminus,Mahalaxmi Talav (Vatva),45,30,everyday
17,,AMTS 17 Bus,,Sarangpur Terminus,Meghaninagar,25,18,everyday
18,,AMTS 18 Bus,,Vatva Railway Station,Kalupur Terminus,42,36,everyday
18,,AMTS 18 Bus,,Vatva Railway Station,Maninagar,25,17,everyday
18,,AMTS 18 Bus,,Maninagar,Kalupur Terminus,18,16,everyday
18-SH,,AMTS 18-SH Bus,,Vatva Railway Station,Maninagar,25,21,everyday
22,,AMTS 22 Bus,,Tragad Gam,Lal Darwaja,63,53,everyday
22,,AMTS 22 Bus,,Tragad Gam,Indiranagar Vibhag 2,100,94,everyday
22,,AMTS 22 Bus,,Lal Darwaja,Indiranagar Vibhag 2,38,38,everyday
22/1,,AMTS 22/1 Bus,,Lal Darwaja,Bareja Eye Hospital,42,51,everyday
28,,AMTS 28 Bus,,Meghani Nagar,Sarangpur Terminus,22,17,everyday
28,,AMTS 28 Bus,,Meghaninagar,Lambha Gam,58,53,everyday
30,,AMTS 30 Bus,,Karnavati Chowk-4 (New Narol),Isanpur,28,16,everyday
28-SH,,AMTS 28-SH Bus,,Sarangpur Terminus,Indiranagar Vibhag 2,39,37,everyday
30/2,,AMTS 30/2 Bus,,Vatva Railway Crossing,Sarkhej Gam,40,48,everyday
30,,AMTS 30 Bus,,Maninagar Terminal,Karnavati Chowk-4 (New Narol),42,30,everyday
30/3,,AMTS 30/3 Bus,,Dev Residency,Vadaj,43,35,everyday
30/3,,AMTS 30/3 Bus,,Dev Residency,Dani Limda Gam,75,66,everyday
30/3,,AMTS 30/3 Bus,,Vadaj,Dani Limda Gam,32,25,everyday
31,,AMTS 31 Bus,,Sarkhej Gam,Meghaninagar,60,55,everyday
31/1,,AMTS 31/1 Bus,,Lal Darwaja,Aradhana Residency (Fatehwadi Canal),37,40,everyday
31-SH,,AMTS 31-SH Bus,,Sarkhej Gam,Lal Darwaja,42,33,everyday
31/4-SH,,AMTS 31/4-SH Bus,,Paldi,Bakrol Gam,36,40,everyday
31/4,,AMTS 31/4 Bus,,Paldi,Kashindra Gam,41,45,everyday
31/5,,AMTS 31/5 Bus,,Madhavnagar (Sanand),Lal Darwaja,72,80,everyday
31/5,,AMTS 31/5 Bus,,Motipura Chokdi (Sanand),Lal Darwaja,84,98,everyday
32,,AMTS 32 Bus,,Sahyadri Bungalow,But Bhavani Mata Mandir,53,46,everyday
32,,AMTS 32 Bus,,Vasna Terminus,But Bhavani Mata Mandir,9,10,everyday
33,,AMTS 33 Bus,,,,,,
33/1,,AMTS 33/1 Bus,,Vaishali Township,Meghaninagar,59,54,everyday
33/1-SH,,AMTS 33/1-SH Bus,,Vaishali Township,Lal Darwaja,30,26,everyday
34/3,,AMTS 34/3 Bus,,Lal Darwaja,Adani Vidyavihar,35,32,everyday
34/4,,AMTS 34/4 Bus,,Lal Darwaja,But Bhavani Mata Mandir,28,25,everyday
34/5,,AMTS 34/5 Bus,,Kalapinagar,But Bhavani Mata Mandir,46,41,everyday
34/5,,AMTS 34/5 Bus,,Lal Darwaja,But Bhavani Mata Mandir,22,20,everyday
34/5,,AMTS 34/5 Bus,,Lal Darwaja,Kalapinagar,24,16,everyday
35,,AMTS 35 Bus,,Lal Darwaja,Bavla,76,75,everyday
37-SH,,AMTS 37-SH Bus,,Vasna Terminus,Bapunagar,37,35,everyday
37/4,,AMTS 37/4 Bus,,Kalupur Terminus,But Bhavani Mata Mandir,33,30,everyday
37/4,,AMTS 37/4 Bus,,But Bhavani Mata Mandir,Sarangpur Terminus,26,22,everyday
38/1,,AMTS 38/1 Bus,,Lal Darwaja,Krushnanagar,39,33,everyday
38/1,,AMTS 38/1 Bus,,Vaishali Township,Krushnanagar,62,52,everyday
38/1,,AMTS 38/1 Bus,,Vaishali Township,Vasna Terminus,8,6,everyday
39/3,,AMTS 39/3 Bus,,But Bhavani Mata Mandir,Bhakti Circle,66,69,everyday
39/3,,AMTS 39/3 Bus,,But Bhavani Mata Mandir,Sarangpur Terminus,30,25,everyday
39/3,,AMTS 39/3 Bus,,Sarangpur Terminus,Bhakti Circle,38,30,everyday
39/3-SH,,AMTS 39/3-SH Bus,,Kalupur Terminus,But Bhavani Mata Mandir,34,32,everyday
40,,AMTS 40 Bus,,Vaishali Township,Lapkaman Gam,70,71,everyday
40,,AMTS 40 Bus,,Paldi,Vasna,11,6,everyday
40,,AMTS 40 Bus,,Vaishali Township,Vasna,7,5,everyday
40,,AMTS 40 Bus,,Vasna,Lapkaman Gam,64,63,everyday
40/1,,AMTS 40/1 Bus,,Vinobabhavenagar,Iskcon Mandir,88,93,everyday
40/1,,AMTS 40/1 Bus,,Maninagar,Iskcon Mandir,53,51,everyday
40/1,,AMTS 40/1 Bus,,Vinobabhavenagar,Maninagar,36,41,everyday
42,,AMTS 42 Bus,,Maninagar Terminal,Ghodasar Gam,10,5,everyday
40/3,,AMTS 40/3 Bus,,Gayatri Vidyalaya,But Bhavani Mata Mandir,47,46,everyday
42,,AMTS 42 Bus,,Parijat Bungalows,Ghodasar Gam,69,52,everyday
42,,AMTS 42 Bus,,Parijat Bungalows,Maninagar,60,41,everyday
43,,AMTS 43 Bus,,Parijat Bungalows,Lal Darwaja,37,28,everyday
43/1,,AMTS 43/1 Bus,,Prahlad Nagar,Lal Darwaja,41,40,everyday
44/4,,AMTS 44/4 Bus,,Lal Darwaja,Arohi Homes (South Bopal),55,52,everyday
45,,AMTS 45 Bus,,Lal Darwaja,Jodhpur Gam,27,23,everyday
45/1,,AMTS 45/1 Bus,,Mumatpura Gam,Lal Darwaja,36,35,everyday
46,,AMTS 46 Bus,,Kalupur,Kalupur Terminus,50,45,everyday
47,Kalupur Terminus To Kalupur Terminus,AMTS 47 Bus,bus,Kalupur Terminus,Kalupur Terminus,49,46,everyday
49,,AMTS 49 Bus,,Ghuma Gam,Adinathnagar,70,74,everyday
49-SH,,AMTS 49-SH Bus,,Sarangpur,Ghuma Gam,50,54,everyday
49/1,,AMTS 49/1 Bus,,Sarangpur Terminus,Jodhpur Gam,38,34,everyday
50,,AMTS 50 Bus,,Meghaninagar,Ghuma Gam,72,70,everyday
49/2,,AMTS 49/2 Bus,,Nirant Chokdi,Gujarat University,61,55,everyday
50,,AMTS 50 Bus,,Meghaninagar,Ghuma Gam,72,68,everyday
51,,AMTS 51 Bus,,Thol Village,Lal Darwaja,74,79,everyday
51R,,AMTS 51R Bus,,Rancharda Gam,Lal Darwaja,57,52,everyday
52-SH,,AMTS 52-SH Bus,,Thaltej Gam,Lal Darwaja,29,25,everyday
52/2,,AMTS 52/2 Bus,,Sattadhar Society,Maninagar,57,49,everyday
56,,AMTS 56 Bus,,Sitarambapa Chowk (Gopal Chowk),Iskcon Mandir,80,73,everyday
56,,AMTS 56 Bus,,Vijay Chowk,Sitarambapa Chowk (Gopal Chowk),18,16,everyday
56/1,,AMTS 56/1 Bus,,Sardar Party Plot (S.P.Ring Road),Gujarat University,69,66,everyday
58,,AMTS 58 Bus,,Thaltej Gam,New Naroda,99,81,everyday
58,,AMTS 58 Bus,,Thaltej Gam,Kalupur Terminus,62,51,everyday
60-SH,,AMTS 60-SH Bus,,Lal Darwaja,Bopal Gam,47,47,everyday
61,,AMTS 61 Bus,,Maninagar Terminal,Gujarat High Court,55,53,everyday
63/1,,AMTS 63/1 Bus,,,,,,
63,,AMTS 63 Bus,,Lal Darwaja,Gujarat High Court,38,34,everyday
63/1,,AMTS 63/1 Bus,,Lilapur Gam,Lal Darwaja,75,82,everyday
63/1,,AMTS 63/1 Bus,,Vadaj,Lilapur Gam,52,59,everyday
64,,AMTS 64 Bus,,Lal Darwaja,Gujarat High Court,38,33,everyday
64/2,,AMTS 64/2 Bus,,Sattadhar Society,Lal Darwaja,31,27,everyday
64/1,,AMTS 64/1 Bus,,Lal Darwaja,Jaspur Gam,62,64,everyday
64/3,,AMTS 64/3 Bus,,Lal Darwaja,Chandlodiya Railway Station (Wagheshwari Society),31,26,everyday
65,,AMTS 65 Bus,,Sola Bhagwat Vidyapith,Lal Darwaja,42,41,everyday
65/1,,AMTS 65/1 Bus,,Mangalmurti Apartment,Lal Darwaja,27,23,everyday
65/2,,AMTS 65/2 Bus,,Lal Darwaja,Arvind Polycoat (Khatraj),53,65,everyday
65/3,,AMTS 65/3 Bus,,Santej Gam,Lal Darwaja,47,51,everyday
66,,AMTS 66 Bus,,Sattadhar Society,Kalupur,26,23,everyday
65/3,,AMTS 65/3 Bus,,Sola Police Chowky,Lal Darwaja,32,29,everyday
66,,AMTS 66 Bus,,Shelaj Gam,Kalupur,45,49,everyday
66/1,,AMTS 66/1 Bus,,Shelaj Gam,Kalupur,47,45,everyday
66/1,,AMTS 66/1 Bus,,Memnagar,Kalupur,21,20,everyday
66/3-SH,,AMTS 66/3-SH Bus,,Naroda Terminus,Moti Bhoyan Chokdi,76,98,everyday
67/1-SH,,AMTS 67/1-SH Bus,,Sattadhar Society,Kalupur,30,29,everyday
66/4,,AMTS 66/4 Bus,,Naroda Terminus,Arvind Polycoat (Khatraj),70,90,everyday
69,,AMTS 69 Bus,,,,,,
69,,AMTS 69 Bus,,S.P.Ring Road (Odhav Gidc),Kalupur,30,26,everyday
69-SH,,AMTS 69-SH Bus,,,,,,
69,,AMTS 69 Bus,,,,,,
70/1,,AMTS 70/1 Bus,,Meghaninagar,Gujarat High Court,40,46,everyday
70/2,,AMTS 70/2 Bus,,Vadaj,Kalol Police Chowki under Bridge,76,88,everyday
70,,AMTS 70 Bus,,Naroda Terminus,Chandlodiya Railway Station (Wagheshwari Society),65,56,everyday
71/1,,AMTS 71/1 Bus,,Moti Bhoyan Chokdi,Lal Darwaja,66,72,everyday
71/1,,AMTS 71/1 Bus,,Nava Vadaj,Lal Darwaja,28,20,everyday
71/1,,AMTS 71/1 Bus,,Vrundavan Park (Vamaj),Lal Darwaja,75,85,everyday
71/1,,AMTS 71/1 Bus,,Nava Vadaj,Vadaj,8,5,everyday
71/1,,AMTS 71/1 Bus,,Vadaj,Moti Bhoyan Chokdi,46,55,everyday
71/1,,AMTS 71/1 Bus,,Vrundavan Park (Vamaj),Vadaj,56,75,everyday
72,,AMTS 72 Bus,,Lal Darwaja,Godrej Garden City,42,39,everyday
72,,AMTS 72 Bus,,Sahyadri Bungalow,Lal Darwaja,30,22,everyday
72,,AMTS 72 Bus,,Sahyadri Bungalow,Godrej Garden City,69,63,everyday
72,,AMTS 72 Bus,,Vadaj,Godrej Garden City,30,26,everyday
72,,AMTS 72 Bus,,Vadaj,Sahyadri Bungalow,50,40,everyday
74/1,,AMTS 74/1 Bus,,Lal Darwaja,Kali Gam,48,39,everyday
74,,AMTS 74 Bus,,Vatva Railway Crossing,Andh Kalyan Kendra (New Ranip),81,69,everyday
75,,AMTS 75 Bus,,Maninagar,Vadaj,35,29,everyday
75,,AMTS 75 Bus,,Chandkheda (Sarathi Bunglows),Maninagar,65,61,everyday
76,,AMTS 76 Bus,,Vaishnodevi Circle (Zydus Life),Sarangpur,55,51,everyday
76,,AMTS 76 Bus,,Vaishnodevi Circle (Zydus Life),Vadaj,37,26,everyday
77,,AMTS 77 Bus,,Dr.Shyamaprasad Mukherjee Chowk,Vadaj,36,36,everyday
77,,AMTS 77 Bus,,,,,,
79,,AMTS 79 Bus,,Chenpur Gam,Badrinayan Society,56,54,everyday
79,,AMTS 79 Bus,,Kalupur Terminus,Badrinayan Society,20,18,everyday
79,,AMTS 79 Bus,,Kalupur Terminus,Chenpur Gam,39,36,everyday
82,,AMTS 82 Bus,,Lal Darwaja,Gayatri Vidyalaya,34,26,everyday
83,,AMTS 83 Bus,,Sabarmati D-Cabin,Lal Darwaja,45,39,everyday
83,,AMTS 83 Bus,,Sabarmati D-Cabin,Vadaj,30,24,everyday
84,,AMTS 84 Bus,,Lal Darwaja,Chandkheda (Sarathi Bunglows),53,43,everyday
15-SH,,AMTS 15-SH Bus,,Vivekanandnagar,Maninagar Terminal,28,31,everyday
85-SH,,AMTS 85-SH Bus,,Chandkheda (Sarathi Bunglows),Lal Darwaja,43,41,everyday
85-SH,,AMTS 85-SH Bus,,Chandkheda (Sarathi Bunglows),Subhash Bridge Circle,20,20,everyday
85-SH,,AMTS 85-SH Bus,,Subhash Bridge Circle,Lal Darwaja,25,20,everyday
87,,AMTS 87 Bus,,Kalupur Terminus,Chandkheda Gam,48,46,everyday
88,,AMTS 88 Bus,,Ranip Gam,Kalupur,24,18,everyday
88,,AMTS 88 Bus,,Ranip Gam,Nikol Kathwada Ring Road,49,45,everyday
89/1,,AMTS 89/1 Bus,,Kalupur Terminus,Amba Township Sector-5 (Trimandir),49,60,everyday
89/3,,AMTS 89/3 Bus,,Kalupur Terminus,Chandkheda Gam,29,36,everyday
90-SH,,AMTS 90-SH Bus,,Tragad Gam,Krushnanagar,75,65,everyday
96,,AMTS 96 Bus,,Vatva Railway Crossing,Kutbi Mazar,50,46,everyday
101SH,,AMTS 101SH Bus,,P.D.P.U Cross Road,Asarva Railway Station,47,48,everyday
102,,AMTS 102 Bus,,Lal Darwaja,Akshardham Mandir (Gandhinagar),70,91,everyday
102,,AMTS 102 Bus,,Maninagar Terminal,Akshardham Mandir (Gandhinagar),90,111,everyday
103,,AMTS 103 Bus,,Naroda Terminus,Gujarat University,56,54,everyday
105,,AMTS 105 Bus,,Naroda Industrial Township (Muthiya Gam),Lal Darwaja,44,43,everyday
106,Sarangpur To Sarangpur Via Naroda,AMTS 106 Bus,bus,Sarangpur Terminus,Sarangpur Terminus,67,78,everyday
107,"Sarangpur To Sarangpur Via Ajit Mill, Naroda, Camp Sadar Bazar",AMTS 107 Bus,bus,Sarangpur Terminus,Sarangpur Terminus,70,79,everyday
109,,AMTS 109 Bus,,G.E.B (Naroda),Amba Township Sector-5 (Trimandir),80,88,everyday
109,,AMTS 109 Bus,,G.E.B (Naroda),Shivshakti Nagar (Chandkheda),57,45,everyday
109,,AMTS 109 Bus,,Naroda Terminus,Amba Township Sector-5 (Trimandir),64,70,everyday
109,,AMTS 109 Bus,,Naroda Terminus,Chandkheda Gam,42,33,everyday
109,,AMTS 109 Bus,,Sarangpur Terminus,Naroda Terminus,29,26,everyday
112,,AMTS 112 Bus,,Lal Darwaja,Kubernagar Bungalow,34,28,everyday
116,,AMTS 116 Bus,,Dani Limda Gam,Civil Hospital,27,26,everyday
117,,AMTS 117 Bus,,Paladi-Kankaj Gam,Kalapinagar,57,60,everyday
117,,AMTS 117 Bus,,Miroli Gam,Kalupur Terminus,45,55,everyday
117,,AMTS 117 Bus,,Paladi-Kankaj Gam,Kalupur Terminus,41,47,everyday
117/1,,AMTS 117/1 Bus,,Khod Kamod,Kalupur Terminus,36,39,everyday
117/1,,AMTS 117/1 Bus,,Miroli Gam,Kalupur Terminus,47,55,everyday
117/1,,AMTS 117/1 Bus,,Sarangpur Terminus,Khod Kamod,35,31,everyday
122,,AMTS 122 Bus,,Lal Darwaja,Ambawadi Police Station,44,41,everyday
123,,AMTS 123 Bus,,Vasna Terminus,Sitarambapa Chowk (Gopal Chowk),46,45,everyday
123-SH,,AMTS 123-SH Bus,,Sitarambapa Chowk (Gopal Chowk),Lal Darwaja,36,34,everyday
123-SH,,AMTS 123-SH Bus,,Lal Darwaja,Krishna Nagar,29,28,everyday
123/1,,AMTS 123/1 Bus,,Sarangpur Terminus,Parshwanath Township,23,23,everyday
124,,AMTS 124 Bus,,Vehlal Gam,Maninagar,57,59,everyday
125,,AMTS 125 Bus,,Vehlal Gam,Lal Darwaja,58,73,everyday
125-SH,,AMTS 125-SH Bus,,Vehlal Gam,Naroda Terminus,21,32,everyday
125/1,,AMTS 125/1 Bus,,Naroda Terminus,Dabhoda Gam,41,57,everyday
125/1,,AMTS 125/1 Bus,,Sarangpur Terminus,Dabhoda Gam,67,86,everyday
126,,AMTS 126 Bus,,Sardarnagar,Sarangpur,36,40,everyday
127,,AMTS 127 Bus,,Sarangpur Terminus,Bhakti Circle,47,41,everyday
128,,AMTS 128 Bus,,Nigam Society,Naroda Industrial Township (Muthiya Gam),73,65,everyday
130-SH,,AMTS 130-SH Bus,,Naroda Industrial Township (Muthiya Gam),Lambha Gam,58,68,everyday
130/2,,AMTS 130/2 Bus,,Naroda Terminus,Khod Kamod,57,67,everyday
130/4,,AMTS 130/4 Bus,,Nava Vadaj,Manmohan Park,55,54,everyday
133,,AMTS 133 Bus,,Lal Darwaja,Anand Flats,37,25,everyday
135,,AMTS 135 Bus,,Pramukh Swaminagar,Bhakti Circle,25,21,everyday
135,,AMTS 135 Bus,,Sarangpur Terminus,Bhakti Circle,44,36,everyday
136,,AMTS 136 Bus,,,,,,
136,,AMTS 136 Bus,,,,,,
136,,AMTS 136 Bus,,,,,,
137,,AMTS 137 Bus,,Bapunagar,Manmohan Park,13,10,everyday
137,,AMTS 137 Bus,,Manmohan Park,Lapkaman Gam,69,70,everyday
137-SH,,AMTS 137-SH Bus,,Gujarat High Court,Bapunagar,48,51,everyday
137-SHC,,AMTS 137-SHC Bus,,Kalupur Terminus,Chandlodiya Talav,37,33,everyday
137/1,,AMTS 137/1 Bus,,Kalupur Terminus,Gujarat High Court,37,37,everyday
138,,AMTS 138 Bus,,Gujarat University,Bapunagar,43,38,everyday
138,,AMTS 138 Bus,,Lal Darwaja,Bapunagar,27,21,everyday
138/1,,AMTS 138/1 Bus,,Riddhi Siddhi Bungalows (Ashapura Motors),Lal Darwaja,69,78,everyday
142,,AMTS 142 Bus,,Vastral Gam,Gujarat University,49,48,everyday
142-SH,,AMTS 142-SH Bus,,Vastral Gam,Sarangpur Terminus,24,25,everyday
143,,AMTS 143 Bus,,Sarangpur Terminus,Pasunj Gam,35,44,everyday
143-SH,,AMTS 143-SH Bus,,Sarangpur Terminus,Kubadthal Gam,31,38,everyday
144,,AMTS 144 Bus,,Gujarat University,Arbudanagar,45,43,everyday
144/1,,AMTS 144/1 Bus,,Madhav Homes,Lal Darwaja,40,34,everyday
144/1-SH,,AMTS 144/1-SH Bus,,Sarangpur Terminus,Madhav Homes,31,28,everyday
146/1,,AMTS 146/1 Bus,,Ranip Gam,Chinubhainagar,60,62,everyday
146/6,,AMTS 146/6 Bus,,Sarangpur Terminus,Arbudanagar,17,17,everyday
147/2,,AMTS 147/2 Bus,,Swami Vivekanand Chowk (Vastral),Chandlodiya Railway Station (Wagheshwari Society),82,80,everyday
147/2,,AMTS 147/2 Bus,,Swami Vivekanand Chowk (Vastral),Sarangpur Terminus,48,49,everyday
148,,AMTS 148 Bus,,Sarangpur Terminus,Kathwada Gam,35,35,everyday
148,,AMTS 148 Bus,,Sarangpur Terminus,Naroda Terminus,51,55,everyday
148/1,,AMTS 148/1 Bus,,Sarangpur Terminus,Bakrol-Bujrang Gam,41,54,everyday
148/1,,AMTS 148/1 Bus,,Sarangpur Terminus,Kujad Gam,34,37,everyday
150,,AMTS 150 Bus,,Sarkhej Gam,Chinubhainagar,65,68,everyday
150-SH,,AMTS 150-SH Bus,,Sarangpur Terminus,Chinubhainagar,27,27,everyday
150-SH,,AMTS 150-SH Bus,,Sarkhej Gam,Sarangpur Terminus,40,33,everyday
151,,AMTS 151 Bus,,Vivekanandnagar,Iskcon Mandir,72,73,everyday
151-SH,,AMTS 151-SH Bus,,Vivekanandnagar,Lal Darwaja,67,61,everyday
151/2,,AMTS 151/2 Bus,,Nandej-Barejadi Gam,Maninagar Terminal,48,53,everyday
151/3,,AMTS 151/3 Bus,,Hatkeshwar,Godhavi Gam,77,77,everyday
151/4,,AMTS 151/4 Bus,,Hatkeshwar,Gujarat University,57,45,everyday
152,,AMTS 152 Bus,,Wanch Gam,Lal Darwaja,50,46,everyday
152-SH,,AMTS 152-SH Bus,,Khokhara Circle,Dhamatwan Gam,33,32,everyday
152-SH,,AMTS 152-SH Bus,,Lal Darwaja,Dhamatwan Gam,69,63,everyday
152/1,,AMTS 152/1 Bus,,Lal Darwaja,Gatrad Gam,61,52,everyday
160,,AMTS 160 Bus,,Silver Oak University,Hatkeshwar,67,69,everyday
160/1,,AMTS 160/1 Bus,,Maninagar Terminal,Adinathnagar,42,35,everyday
200,,AMTS 200 Bus,,Vadaj,Maninagar,56,54,everyday
200,,AMTS 200 Bus,,Maninagar Terminal,Maninagar,122,116,everyday
202,,AMTS 202 Bus,,Sattadhar Society,Vasna,24,31,everyday
202,,AMTS 202 Bus,,Vasna,Naroda Terminus,96,94,everyday
204,Vasna Terminus To Vasna Terminus (Circular),AMTS 204 Bus,bus,Vasna,Vasna,112,110,everyday
205,Vasna Terminus To Vasna Terminus (Circular),AMTS 205 Bus,bus,Vasna,Vasna,108,109,everyday
300,,AMTS 300 Bus,,Maninagar Terminal,Maninagar,122,115,everyday
400,Lal Darwaja To Lal Darwaja (Circular),AMTS 400 Bus,bus,Lal Darwaja,Lal Darwaja,59,54,everyday
401,,AMTS 401 Bus,,Vadaj,Chandkheda (Sarathi Bunglows),23,28,everyday
401,,AMTS 401 Bus,,Vasna Terminus,Vadaj,28,19,everyday
401,,AMTS 401 Bus,,Vasna Terminus,Chandkheda (Sarathi Bunglows),50,48,everyday
401-SH,,AMTS 401-SH Bus,,Vasna Terminus,Chandkheda Gam,48,46,everyday
500,Lal Darwaja To Lal Darwaja (Circular),AMTS 500 Bus,bus,Lal Darwaja,Lal Darwaja,58,54,everyday
501,,AMTS 501 Bus,,Ujala Circle (Sarkhej),Paldi,28,22,everyday
501,,AMTS 501 Bus,,,,,,
501,,AMTS 501 Bus,,Vaishnavdevi Circle,Gota Cross Road,9,11,everyday
501,,AMTS 501 Bus,,Vaishnavdevi Circle,Ujala Circle (Sarkhej),43,52,everyday
503,,AMTS 503 Bus,,Kalol Institute Technology College,Vadaj,69,94,everyday
503,,AMTS 503 Bus,,Lal Darwaja,Kalol Institute Technology College,82,108,everyday
800,Nava Vadaj To Nava Vadaj (Circular),AMTS 800 Bus,bus,Nava Vadaj,Nava Vadaj,93,93,everyday
900,Nava Vadaj To Nava Vadaj (Circular),AMTS 900 Bus,bus,Nava Vadaj,Nava Vadaj,89,92,everyday
FEEDER-2,,AMTS FEEDER-2 Bus,,Motera Gam,Chandkheda Gam,17,13,everyday
FEEDER-2,,AMTS FEEDER-2 Bus,,Kalupur Terminus,Chandkheda Gam,29,30,everyday
FEEDER-4,,AMTS FEEDER-4 Bus,,Isanpur,Chosar Gam,18,26,everyday
FEEDER-5,,AMTS FEEDER-5 Bus,,Shardaben Hospital,Rasraj Jackpot (Ring Road),30,26,everyday
FEEDER-7,,AMTS FEEDER-7 Bus,,Lal Darwaja,Kalupur Terminus,15,8,everyday
RING,Laldarwaja To Laldarwaja Via Bala Hanuman,AMTS RING Bus,bus,Lal Darwaja,Lal Darwaja,20,14,everyday
SP1,,AMTS SP1 Bus,,,,,,
SP1,,AMTS SP1 Bus,,Nana Chiloda (Municipal Octroi),Memco,29,18,everyday
SP1,,AMTS SP1 Bus,,Ranasan Circle,Aslali Circle,47,64,everyday
SP1,,AMTS SP1 Bus,,Ranasan Circle,Nana Chiloda (Municipal Octroi),3,2,everyday
SP1SH,,AMTS SP1SH Bus,,Chandkheda Gam,Vadaj,22,22,everyday
SP1SH,,AMTS SP1SH Bus,,Zundal Circle,Ranasan Circle,11,22,everyday
SP1SH,,AMTS SP1SH Bus,,Zundal Circle,Chandkheda Gam,6,5,everyday
1,,VTCOS Bus 1 Bus,,Sector-3 / 4,Pathika Ashram,8,10,everyday
2,,VTCOS Bus 2 Bus,,Rajashree Cinema,Pathika Ashram,11,14,everyday
3,,VTCOS Bus 3 Bus,,Pethapur,Pathika Ashram,14,20,everyday
4,,VTCOS Bus 4 Bus,,,,,,
5,,VTCOS Bus 5 Bus,,Unava,Pathika Ashram,28,41,everyday
6,,VTCOS Bus 6 Bus,,Pathika Ashram,Chiloda,20,31,everyday
7,,VTCOS Bus 7 Bus,,Pathika Ashram,Kolvada,18,22,everyday
8,,VTCOS Bus 8 Bus,,Pathika Ashram,Chandkheda Gam,23,36,everyday
9,,VTCOS Bus 9 Bus,,Pathika Ashram,Balva,31,47,everyday
GSRTC,,GSRTC bus,bus,G.E.B.Colony,Ahmedabad Gita Mandir Bus Stand,22,50,everyday
GSRTC,,GSRTC bus,bus,G.E.B.Colony,Ahmedabad Gita Mandir Bus Stand,26,53,everyday
GSRTC,,GSRTC bus,bus,G.E.B.Colony,Ahmedabad Gita Mandir Bus Stand,27,58,everyday
GSRTC,,GSRTC bus,bus,Gandhinagar Gsrtc Bus Station,Ahmedabad Krushnanagar Bus Stand,8,21,everyday
BUS-1,,GIFT Metro Feeder Bus BUS-1 Bus,metro,,,,,
BUS-1A,,GIFT Metro Feeder Bus BUS-1A Bus,metro,,,,,
BUS-2,,GIFT Metro Feeder Bus BUS-2 Bus,metro,,,,,
BUS-3,,GIFT Metro Feeder Bus BUS-3 Bus,metro,,,,,
LINE 1,,GMRCL LINE 1 Metro,,,,,,
LINE 2,,GMRCL LINE 2 Metro,,,,,,
LINE 3,,GMRCL LINE 3 Metro,,,,,,
LINE 4,,GMRCL LINE 4 Metro,,,,,,
LINE 5,,GMRCL LINE 5 Metro,,,,,,
